,k_value,Train_Score,Test_Score
0,15,0.7373941335191883,0.70133365901319
